Scenario ID,Scenario Name,Status,Error Log,Probable Root Cause,Severity,Suggested Fix,Confidence Score
SCN-6,"Price computation is correct across cart size variations (1, 2, 6 items)",failed,Test timeout of 30000ms exceeded.,"Automation defect. The saved error-context.md confirms the actual failure is InventoryPage.addProductToCart('Sauce Labs Backpack') timing out on the ""Add to cart"" button locator; the page snapshot shows the badge already at '1' and Backpack's button already toggled to 'Remove', because the '1 item' test.step already added it and the loop reuses the same `page`/session across the '1 item', '2 items' and '6 items' test.step iterations in reachCheckoutStepOne() without ever clearing the cart, so the later iteration's re-add of the same product hangs forever waiting for an 'Add to cart' button that no longer exists.",Medium,"In the cartSizes loop (SCN-6) in tests/JIRA-1.spec.ts, clear the cart (e.g. navigate to cart.html and remove all items, or start each test.step with a fresh browser context) before each iteration's reachCheckoutStepOne() call so every cart-size variation starts from a known-empty cart.",85
SCN-8,Session/navigation state across refresh and browser back on checkout-step-two,failed,Test timeout of 30000ms exceeded.,"Automation defect. The saved error-context.md shows the identical failure signature as SCN-6: locator.click times out on InventoryPage.addProductToCart('Sauce Labs Backpack') because the button has already toggled to 'Remove' (badge already '1') from the first ('Refresh') test.step, which the second ('Back') test.step's independent reachCheckoutStepOne(page, [PRODUCT_1]) call collides with on the same shared `page`/session without the cart ever being cleared in between.",Medium,"Split the Refresh and Back cases in SCN-8 into separate top-level tests (each gets a fresh page/context automatically), or explicitly clear the cart between the two test.step blocks before calling reachCheckoutStepOne() again.",85
SCN-20,Cancel from checkout overview returns to cart with items intact,failed,"Error: expect(page).toHaveURL(expected) failed Expected pattern: /cart\.html/ Received string: ""https://www.saucedemo.com/inventory.html""","Application defect. The saved error-context.md confirms CheckoutStepTwoPage.cancel() (clicking data-test='cancel') actually navigates the live saucedemo.com app to /inventory.html, not /cart.html. The item itself remains in the cart (badge still '1', Backpack shows 'Remove' in the post-failure snapshot) so 'items intact' holds, but the destination page contradicts the explicit acceptance criterion in TestCases/JIRA-190_TestDesign.csv's TS-8/POS-8 rows (""User is returned to /cart.html""), which carry no noted Key Gap - i.e. this destination was a firm, unambiguous requirement.",Medium,"File a defect against the Cancel button on checkout-step-two.html: it routes to /inventory.html instead of the specified /cart.html. Have product/dev confirm whether the app's routing should change to match TS-8/POS-8, or whether the requirement's documented destination should be corrected to match actual (and apparently long-standing) SauceDemo behavior - either way this is a spec-vs-app mismatch, not a locator/assertion bug.",85
SCN-32,Removing all items from cart during checkout prevents order completion,failed,"Error: expect(page).toHaveURL(expected) failed Expected pattern: /cart\.html/ Received string: ""https://www.saucedemo.com/inventory.html""","Application defect. Identical evidence to SCN-20: the saved error-context.md confirms CheckoutStepTwoPage.cancel() lands on /inventory.html rather than the /cart.html required to proceed with this scenario's actual intent (removing the item and re-attempting checkout on an empty cart). Because the test fails at this shared Cancel step before it can even exercise the empty-cart-checkout logic this scenario was designed to verify, the higher-risk negative-path safeguard (checkout blocked with 0 items) remains completely unverified this run.",High,"Same underlying defect as SCN-20 - file/link to the same Cancel-button-routing defect. Until it's fixed or the requirement is reconciled, this scenario cannot exercise its actual purpose (empty-cart checkout prevention), so treat as blocking for this specific negative-path safeguard until the Cancel navigation issue is resolved.",85
SCN-34,performance_glitch_user experiences a significant login delay,failed,"TimeoutError: locator.click: Timeout 15000ms exceeded. Call log: - waiting for getByTestId('react-burger-menu-btn')","Environment/flakiness. The saved error-context.md shows the failure occurs on inventoryPage.logout()'s click on getByTestId('react-burger-menu-btn') after a successful performance_glitch_user login (inventory list rendered fine); the final page snapshot shows the 'Open Menu' button present in the DOM, and the identical locator/timeout recurs in three other independent scenarios (JIRA190-SCN-7, JIRA190-SCN-33, SCN-44) in this same run, pointing to shared demo-site slowness under the concurrent headed run rather than an issue specific to this account's login-delay behavior (the delay assertion itself, glitchElapsedMs > standardElapsedMs, was never reached).",Low,"Re-run in isolation with retries enabled to separate genuine environment slowness from a possible missing wait after logout(); if it fails consistently in isolation, treat as an automation defect in BasePage.logout() rather than environment flakiness.",60
SCN-36,Refreshing the browser mid-checkout on checkout-step-two.html,failed,"Error: Unexpected console errors after reload: Failed to load resource: the server responded with a status of 401 (Unauthorized); Failed to load resource: the server responded with a status of 401 (Unauthorized); Failed to load resource: the server responded with a status of 404 () expect(received).toHaveLength(expected)...","Environment/flakiness. The saved error-context.md confirms the functional part of this scenario passed - after page.reload() the app correctly stayed on checkout-step-two.html with the item, and $29.99/$2.40/$32.39 totals all rendered correctly - and only the page.on('console') 401/404 collection failed the strict expect(consoleErrors).toHaveLength(0) check. The exact same 401 console noise (unrelated to reload) also appears independently in SCN-40 and SCN-42 on unrelated pages/actions, suggesting this is pre-existing background noise from the shared saucedemo.com site rather than a reload-specific application defect.",Medium,"Confirm via a manual network trace which request(s) return 401/404 on saucedemo.com regardless of test action; if confirmed to be pre-existing/unrelated site noise, stabilize by filtering known-benign console messages in the assertion rather than asserting a hard zero, or move this check behind a retry.",55
SCN-39,Adding all six catalog products reaches maximal cart state,failed,Test timeout of 30000ms exceeded.,"Environment/flakiness. The saved error-context.md shows the first five of six addProductToCart() calls succeeded normally (badge='5', five products already show 'Remove') and only the sixth click, on 'Test.allTheThings T-Shirt (Red)''s still-present, visible 'Add to cart' button, timed out after 15s. Unlike SCN-6/SCN-8 there is no stale/already-toggled button here - the element is a fresh, correctly-targeted, visible locator - which is more consistent with a transient click/network hiccup on the live site than a locator or state-management defect in the test.",Medium,"Re-run in isolation with retries enabled to confirm whether the 6th-item click intermittently fails; if it reproduces reliably, escalate to an automation defect (e.g. add a short explicit wait or a retry-on-click helper around addProductToCart for rapid sequential adds).",55
SCN-40,Script/SQL-injection-style input in the shipping form is not executed,failed,"Error: Unexpected console errors: Failed to load resource: the server responded with a status of 401 (Unauthorized); Failed to load resource: the server responded with a status of 401 (Unauthorized) expect(received).toHaveLength(expected) Expected length: 0","Environment/flakiness. The security-relevant assertions this scenario exists to verify both passed - dialogFired stayed false (no injected <script> executed) and the app landed on checkout-step-two.html normally with the payload accepted as literal text. Only the strict zero-console-errors check failed, on a single 401 per the saved error-context.md, the same class of background console noise independently observed in SCN-36 and SCN-42 on unrelated pages/inputs, pointing to shared site-level noise rather than an injection-specific defect.",Medium,"Confirm the 401's source via a manual network trace; if it's pre-existing site noise unrelated to the injected payload, relax the assertion to allowlist that specific known-benign request instead of asserting zero console errors outright, or move it to a monitored-but-non-blocking check.",55
SCN-41,Whitespace-only input in required shipping fields is rejected,failed,"Error: expect(locator).toBeVisible() failed Locator: getByTestId('error') Expected: visible","Requirement ambiguity. The saved error-context.md confirms the app silently accepted firstName='   ' (three spaces) as valid and advanced straight to checkout-step-two.html (Item total $29.99, Finish button rendered) instead of showing the 'first name is required' error CheckoutStepOnePage.expectValidationError() waited for. The test's own inline comment says this exact outcome 'may surface a real defect if SauceDemo treats whitespace as non-empty input' but explicitly flags that 'current app behavior for whitespace-only trimming is unverified by the requirement' - i.e. the pass/fail bar here was an assumption the requirement never actually specified.",Medium,"Get product-owner confirmation on the missing acceptance criterion: should whitespace-only input in required shipping fields be trimmed and rejected as blank, or is any non-empty string (including whitespace) acceptable? Update TestDesign/TestCases and this assertion to match once decided, rather than treating the current mismatch as a confirmed code defect.",70
SCN-42,Excessively long input in postal code field is handled gracefully,failed,"Error: Unexpected console errors: Failed to load resource: the server responded with a status of 401 (Unauthorized); Failed to load resource: the server responded with a status of 401 (Unauthorized) expect(received).toHaveLength(expected) Expected length: 0","Environment/flakiness. The saved error-context.md confirms the functional part of the scenario passed (a 300-character postal code was accepted, app reached checkout-step-two.html cleanly with correct totals) and only the strict zero-console-errors check failed, on the same 401 pattern independently seen in SCN-36 and SCN-40 across unrelated pages/inputs, indicating shared background site noise rather than a postal-code-length-specific defect.",Low,"Same stabilization approach as SCN-36/SCN-40: confirm the 401 source via network trace and either allowlist the known-benign request or drop the hard zero-console-errors assertion for this scenario if it's unrelated to the postal-code behavior under test.",55
SCN-43,Direct URL navigation to checkout-complete.html without completing prior steps,failed,"Error: expect(locator).not.toHaveText(expected) failed Locator: getByTestId('complete-header') Expected pattern: not /thank you for your order/i","Application defect. The saved error-context.md confirms navigating directly to /checkout-complete.html after login (with no items added and no checkout steps completed) renders the real 'Thank you for your order!' heading exactly as if a genuine order had been placed, with no redirect/guard - precisely the false-confirmation behavior EDGE-9's requirement explicitly says must not happen (""does not falsely display 'Thank You for your order!' for a non-existent order"").",High,"File a defect: checkout-complete.html has no guard against direct/unauthenticated-order navigation and always renders the static order-confirmation content regardless of whether checkout was actually completed. This is a customer-trust risk (a user could believe a non-existent order was placed) and should be prioritized for a server-side or client-side state check before the confirmation page renders.",90
SCN-44,Cart state after logout and re-login as the same user,failed,"TimeoutError: locator.click: Timeout 15000ms exceeded. Call log: - waiting for getByTestId('react-burger-menu-btn')","Environment/flakiness. The saved error-context.md shows the add-to-cart step succeeded normally (badge='1', Backpack shows 'Remove') and the failure is purely on inventoryPage.logout()'s click on getByTestId('react-burger-menu-btn'), with the 'Open Menu' button present in the final DOM snapshot. This is the same exact locator/timeout signature recurring in three other independent scenarios in this run (JIRA190-SCN-7, JIRA190-SCN-33, SCN-34), consistent with shared demo-site slowness rather than a defect specific to the logout/re-login cart-persistence behavior this scenario targets.",Low,"Re-run in isolation with retries enabled to separate genuine site slowness from a possible missing wait in BasePage.logout(); escalate to an automation-defect fix (explicit wait before the click) only if it reproduces consistently outside the concurrent batch run.",60
